timestamp_start,timestamp_end,mean_c,min_c,max_c
2026-01-01T22:00:00+00:00,2026-01-01T23:00:00+00:00,40.55326018241762,39.74,41.04
2026-01-01T23:00:00+00:00,2026-01-02T00:00:00+00:00,40.59049660730556,39.72,41.12
2026-01-02T00:00:00+00:00,2026-01-02T01:00:00+00:00,40.56028642758056,39.73,41.09
2026-01-02T01:00:00+00:00,2026-01-02T02:00:00+00:00,40.47654539511111,39.63,41.01
2026-01-02T02:00:00+00:00,2026-01-02T03:00:00+00:00,40.373610571444445,39.54,40.91
2026-01-02T03:00:00+00:00,2026-01-02T04:00:00+00:00,40.31301637516666,39.43,40.85
2026-01-02T04:00:00+00:00,2026-01-02T05:00:00+00:00,34.30995295496667,28.9,40.79
2026-01-02T05:00:00+00:00,2026-01-02T06:00:00+00:00,27.988451596361106,27.12,29.16
2026-01-02T06:00:00+00:00,2026-01-02T07:00:00+00:00,27.03956157015278,26.65,27.54
2026-01-02T07:00:00+00:00,2026-01-02T08:00:00+00:00,26.765325193727772,26.43,27.08
2026-01-02T08:00:00+00:00,2026-01-02T09:00:00+00:00,26.717331507536112,26.48,26.99
2026-01-02T09:00:00+00:00,2026-01-02T10:00:00+00:00,26.69535927831667,26.39,26.97
2026-01-02T10:00:00+00:00,2026-01-02T11:00:00+00:00,26.69036828632777,26.46,26.96
2026-01-02T11:00:00+00:00,2026-01-02T12:00:00+00:00,26.709276844147226,26.42,26.96
2026-01-02T12:00:00+00:00,2026-01-02T13:00:00+00:00,26.64167140825278,25.81,26.99
2026-01-02T13:00:00+00:00,2026-01-02T14:00:00+00:00,25.99017875801667,24.98,28.04
2026-01-02T14:00:00+00:00,2026-01-02T15:00:00+00:00,29.23770488198056,26.91,38.54
2026-01-02T15:00:00+00:00,2026-01-02T16:00:00+00:00,35.60108667811944,32.26,36.81
2026-01-02T16:00:00+00:00,2026-01-02T17:00:00+00:00,36.39197323176666,35.46,36.99
2026-01-02T17:00:00+00:00,2026-01-02T18:00:00+00:00,36.7566719652,35.69,38.04
2026-01-02T18:00:00+00:00,2026-01-02T19:00:00+00:00,36.82444629188611,35.93,37.46
2026-01-02T19:00:00+00:00,2026-01-02T20:00:00+00:00,39.13106406797778,36.06,40.92
2026-01-02T20:00:00+00:00,2026-01-02T21:00:00+00:00,40.88176201170278,39.79,41.63
2026-01-02T21:00:00+00:00,2026-01-02T22:00:00+00:00,41.20772872257222,40.37,41.77
2026-01-02T22:00:00+00:00,2026-01-02T23:00:00+00:00,41.32189714345,40.49,41.89
2026-01-02T23:00:00+00:00,2026-01-03T00:00:00+00:00,32.24949059923333,29.7,41.76
2026-01-03T00:00:00+00:00,2026-01-03T01:00:00+00:00,29.07559195793333,28.42,29.9
2026-01-03T01:00:00+00:00,2026-01-03T02:00:00+00:00,28.26590573305555,27.86,28.72
2026-01-03T02:00:00+00:00,2026-01-03T03:00:00+00:00,27.882846325800003,27.51,28.25
2026-01-03T03:00:00+00:00,2026-01-03T04:00:00+00:00,27.74619179369167,27.52,27.98
2026-01-03T04:00:00+00:00,2026-01-03T05:00:00+00:00,27.669379017205554,27.4,27.91
2026-01-03T05:00:00+00:00,2026-01-03T06:00:00+00:00,27.70052852283611,27.4,27.97
2026-01-03T06:00:00+00:00,2026-01-03T07:00:00+00:00,27.68372392548056,27.48,27.91
2026-01-03T07:00:00+00:00,2026-01-03T08:00:00+00:00,27.711611778263897,27.43,28.01
2026-01-03T08:00:00+00:00,2026-01-03T09:00:00+00:00,27.721061485630557,27.41,27.98
2026-01-03T09:00:00+00:00,2026-01-03T10:00:00+00:00,27.856441875433333,27.55,28.15
2026-01-03T10:00:00+00:00,2026-01-03T11:00:00+00:00,28.06100492074444,27.8,28.37
2026-01-03T11:00:00+00:00,2026-01-03T12:00:00+00:00,28.23374796691111,28,28.51
2026-01-03T12:00:00+00:00,2026-01-03T13:00:00+00:00,28.21658746788889,27.97,28.42
2026-01-03T13:00:00+00:00,2026-01-03T14:00:00+00:00,28.17440928557778,27.9,28.42
2026-01-03T14:00:00+00:00,2026-01-03T15:00:00+00:00,28.048376862694443,27.68,28.38
2026-01-03T15:00:00+00:00,2026-01-03T16:00:00+00:00,27.786459766425,27.47,28.11
2026-01-03T16:00:00+00:00,2026-01-03T17:00:00+00:00,27.528527528069446,27.21,27.81
2026-01-03T17:00:00+00:00,2026-01-03T18:00:00+00:00,27.505144537330555,26.59,28.64
2026-01-03T18:00:00+00:00,2026-01-03T19:00:00+00:00,29.067166423399996,28.39,29.46
2026-01-03T19:00:00+00:00,2026-01-03T20:00:00+00:00,33.815855874830554,29.02,40.2
2026-01-03T20:00:00+00:00,2026-01-03T21:00:00+00:00,36.29086044141111,35.18,37.02
2026-01-03T21:00:00+00:00,2026-01-03T22:00:00+00:00,36.617055971497216,35.72,37.19
2026-01-03T22:00:00+00:00,2026-01-03T23:00:00+00:00,38.83225282801944,35.89,40.35
2026-01-03T23:00:00+00:00,2026-01-04T00:00:00+00:00,40.82330368932778,38.67,41.93
2026-01-04T00:00:00+00:00,2026-01-04T01:00:00+00:00,41.04230489319721,35.89,42.1
2026-01-04T01:00:00+00:00,2026-01-04T02:00:00+00:00,31.693116487625,29.62,35.89
2026-01-04T02:00:00+00:00,2026-01-04T03:00:00+00:00,29.152092835133335,28.53,29.93
2026-01-04T03:00:00+00:00,2026-01-04T04:00:00+00:00,28.460767377450008,28.13,28.86
2026-01-04T04:00:00+00:00,2026-01-04T05:00:00+00:00,28.135831991622226,27.89,28.44
2026-01-04T05:00:00+00:00,2026-01-04T06:00:00+00:00,28.07625216796389,27.83,28.35
2026-01-04T06:00:00+00:00,2026-01-04T07:00:00+00:00,28.041045081175,27.77,28.29
2026-01-04T07:00:00+00:00,2026-01-04T08:00:00+00:00,28.05188020814445,27.73,28.3
2026-01-04T08:00:00+00:00,2026-01-04T09:00:00+00:00,28.070666732644444,27.79,28.33
2026-01-04T09:00:00+00:00,2026-01-04T10:00:00+00:00,28.288615489416667,27.97,28.62
2026-01-04T10:00:00+00:00,2026-01-04T11:00:00+00:00,28.429384730852775,28.09,28.82
2026-01-04T11:00:00+00:00,2026-01-04T12:00:00+00:00,28.560089074722224,28.16,28.88
2026-01-04T12:00:00+00:00,2026-01-04T13:00:00+00:00,33.011037115233336,28.17,40.45
2026-01-04T13:00:00+00:00,2026-01-04T14:00:00+00:00,36.76637392998611,35.76,38.09
2026-01-04T14:00:00+00:00,2026-01-04T15:00:00+00:00,36.62598085826111,35.8,37.2
2026-01-04T15:00:00+00:00,2026-01-04T16:00:00+00:00,36.68025062535278,35.83,37.25
2026-01-04T16:00:00+00:00,2026-01-04T17:00:00+00:00,37.55136749290278,35.84,39.49
2026-01-04T17:00:00+00:00,2026-01-04T18:00:00+00:00,39.62360867326111,38.31,40.49
2026-01-04T18:00:00+00:00,2026-01-04T19:00:00+00:00,40.208941714227784,39.28,40.88
2026-01-04T19:00:00+00:00,2026-01-04T20:00:00+00:00,40.50467797458333,39.57,41.13
2026-01-04T20:00:00+00:00,2026-01-04T21:00:00+00:00,40.75530632969723,39.87,41.37
2026-01-04T21:00:00+00:00,2026-01-04T22:00:00+00:00,40.880946213711105,40.05,41.43
2026-01-04T22:00:00+00:00,2026-01-04T23:00:00+00:00,38.24714769181667,31.2,41.45
2026-01-04T23:00:00+00:00,2026-01-05T00:00:00+00:00,29.29149087966945,28.01,31.35
2026-01-05T00:00:00+00:00,2026-01-05T01:00:00+00:00,27.636898441394447,27.06,28.37
2026-01-05T01:00:00+00:00,2026-01-05T02:00:00+00:00,26.958963461169446,26.53,27.39
2026-01-05T02:00:00+00:00,2026-01-05T03:00:00+00:00,26.622710914111106,26.33,26.9
2026-01-05T03:00:00+00:00,2026-01-05T04:00:00+00:00,26.486269578344444,26.17,26.83
2026-01-05T04:00:00+00:00,2026-01-05T05:00:00+00:00,26.389461062177777,26.16,26.66
2026-01-05T05:00:00+00:00,2026-01-05T06:00:00+00:00,26.337306485211112,26.09,26.59
2026-01-05T06:00:00+00:00,2026-01-05T07:00:00+00:00,26.330712336847224,25.99,26.59
2026-01-05T07:00:00+00:00,2026-01-05T08:00:00+00:00,26.511404284372222,26.19,26.85
2026-01-05T08:00:00+00:00,2026-01-05T09:00:00+00:00,26.66409601796111,26.42,26.97
2026-01-05T09:00:00+00:00,2026-01-05T10:00:00+00:00,26.69236451866111,26.34,26.96
2026-01-05T10:00:00+00:00,2026-01-05T11:00:00+00:00,26.77496416414722,26.5,27.08
2026-01-05T11:00:00+00:00,2026-01-05T12:00:00+00:00,26.746238438033334,25.85,27.3
2026-01-05T12:00:00+00:00,2026-01-05T13:00:00+00:00,28.465101012805558,26.68,37.43
2026-01-05T13:00:00+00:00,2026-01-05T14:00:00+00:00,34.224652878358334,29.1,37.84
2026-01-05T14:00:00+00:00,2026-01-05T15:00:00+00:00,25.776521133811112,24.23,29.2
2026-01-05T15:00:00+00:00,2026-01-05T16:00:00+00:00,29.21627552824444,25.25,37.16
2026-01-05T16:00:00+00:00,2026-01-05T17:00:00+00:00,26.810846349233334,25.09,32.2
2026-01-05T17:00:00+00:00,2026-01-05T18:00:00+00:00,35.179015073391675,25.87,38.53
2026-01-05T18:00:00+00:00,2026-01-05T19:00:00+00:00,39.169101485575,37.32,40.42
2026-01-05T19:00:00+00:00,2026-01-05T20:00:00+00:00,40.398290599805556,39.25,41.21
2026-01-05T20:00:00+00:00,2026-01-05T21:00:00+00:00,40.91740622276111,40,41.53
2026-01-05T21:00:00+00:00,2026-01-05T22:00:00+00:00,41.069411806716666,40.19,41.67
2026-01-05T22:00:00+00:00,2026-01-05T23:00:00+00:00,41.09347369550278,40.29,41.64
2026-01-05T23:00:00+00:00,2026-01-06T00:00:00+00:00,41.00449501270833,40.14,41.57
2026-01-06T00:00:00+00:00,2026-01-06T01:00:00+00:00,40.84037187257221,39.96,41.44
2026-01-06T01:00:00+00:00,2026-01-06T02:00:00+00:00,40.61339532795555,39.73,41.22
2026-01-06T02:00:00+00:00,2026-01-06T03:00:00+00:00,40.489848673963884,39.67,41.05
2026-01-06T03:00:00+00:00,2026-01-06T04:00:00+00:00,40.404954976441665,39.57,40.99
2026-01-06T04:00:00+00:00,2026-01-06T05:00:00+00:00,38.411816288575004,31.45,40.78
2026-01-06T05:00:00+00:00,2026-01-06T06:00:00+00:00,29.052704635133335,27.59,31.6
2026-01-06T06:00:00+00:00,2026-01-06T07:00:00+00:00,27.254793646430553,26.78,27.87
2026-01-06T07:00:00+00:00,2026-01-06T08:00:00+00:00,26.911729378758334,26.61,27.22
2026-01-06T08:00:00+00:00,2026-01-06T09:00:00+00:00,26.88526925478611,26.65,27.16
2026-01-06T09:00:00+00:00,2026-01-06T10:00:00+00:00,26.858688368752777,26.59,27.13
2026-01-06T10:00:00+00:00,2026-01-06T11:00:00+00:00,27.441466724527775,26.38,28.79
2026-01-06T11:00:00+00:00,2026-01-06T12:00:00+00:00,29.420372547202778,28.38,29.93
2026-01-06T12:00:00+00:00,2026-01-06T13:00:00+00:00,27.86938436755833,25.57,29.91
2026-01-06T13:00:00+00:00,2026-01-06T14:00:00+00:00,25.922127314888886,25.42,26.3
2026-01-06T14:00:00+00:00,2026-01-06T15:00:00+00:00,25.918212052711112,25.66,26.2
2026-01-06T15:00:00+00:00,2026-01-06T16:00:00+00:00,25.96761216326111,25.66,26.24
2026-01-06T16:00:00+00:00,2026-01-06T17:00:00+00:00,26.014625818891663,25.67,26.33
2026-01-06T17:00:00+00:00,2026-01-06T18:00:00+00:00,26.000159360544444,25.75,26.25
2026-01-06T18:00:00+00:00,2026-01-06T19:00:00+00:00,26.081474712327775,25.81,26.39
2026-01-06T19:00:00+00:00,2026-01-06T20:00:00+00:00,25.984236102675,25.64,26.31
2026-01-06T20:00:00+00:00,2026-01-06T21:00:00+00:00,25.938088496030556,25.63,26.29
2026-01-06T21:00:00+00:00,2026-01-06T22:00:00+00:00,26.533417430519446,25.76,26.98
2026-01-06T22:00:00+00:00,2026-01-06T23:00:00+00:00,26.709730667527776,26.39,27.03
2026-01-06T23:00:00+00:00,2026-01-07T00:00:00+00:00,26.678936524655555,26.39,27
2026-01-07T00:00:00+00:00,2026-01-07T01:00:00+00:00,26.581660216858335,26.25,27.05
2026-01-07T01:00:00+00:00,2026-01-07T02:00:00+00:00,26.36494509951945,26.09,26.72
2026-01-07T02:00:00+00:00,2026-01-07T03:00:00+00:00,26.314700015355555,26.06,26.63
2026-01-07T03:00:00+00:00,2026-01-07T04:00:00+00:00,26.336521700627774,26.08,26.61
2026-01-07T04:00:00+00:00,2026-01-07T05:00:00+00:00,26.19496441126111,25.88,26.57
2026-01-07T05:00:00+00:00,2026-01-07T06:00:00+00:00,26.186849299133332,25.85,26.44
2026-01-07T06:00:00+00:00,2026-01-07T07:00:00+00:00,26.257496557294445,25.91,26.63
2026-01-07T07:00:00+00:00,2026-01-07T08:00:00+00:00,26.461956773275002,26.12,26.81
2026-01-07T08:00:00+00:00,2026-01-07T09:00:00+00:00,26.558003246780554,26.32,26.83
2026-01-07T09:00:00+00:00,2026-01-07T10:00:00+00:00,26.61303114760278,26.29,26.96
2026-01-07T10:00:00+00:00,2026-01-07T11:00:00+00:00,26.665837233888883,26.35,26.98
2026-01-07T11:00:00+00:00,2026-01-07T12:00:00+00:00,27.294408951744444,26.47,28.68
2026-01-07T12:00:00+00:00,2026-01-07T13:00:00+00:00,29.000816065511113,28.36,29.53
2026-01-07T13:00:00+00:00,2026-01-07T14:00:00+00:00,29.48571290476944,29.13,29.81
2026-01-07T14:00:00+00:00,2026-01-07T15:00:00+00:00,29.674370663466664,29.36,29.97
2026-01-07T15:00:00+00:00,2026-01-07T16:00:00+00:00,29.772555822505552,29.52,30.03
2026-01-07T16:00:00+00:00,2026-01-07T17:00:00+00:00,29.760628223038882,29.45,30.08
2026-01-07T17:00:00+00:00,2026-01-07T18:00:00+00:00,29.693351987,29.42,29.98
2026-01-07T18:00:00+00:00,2026-01-07T19:00:00+00:00,29.664129231455558,29.39,29.94
2026-01-07T19:00:00+00:00,2026-01-07T20:00:00+00:00,29.697412832780557,29.37,29.96
2026-01-07T20:00:00+00:00,2026-01-07T21:00:00+00:00,29.72089113135,29.38,29.97
2026-01-07T21:00:00+00:00,2026-01-07T22:00:00+00:00,29.73733624133889,29.49,29.99
2026-01-07T22:00:00+00:00,2026-01-07T23:00:00+00:00,29.706445148838885,29.39,29.96
2026-01-07T23:00:00+00:00,2026-01-08T00:00:00+00:00,29.672763814891667,29.39,29.91
2026-01-08T00:00:00+00:00,2026-01-08T01:00:00+00:00,29.623179571016667,29.3,29.91
2026-01-08T01:00:00+00:00,2026-01-08T02:00:00+00:00,29.55991071224444,29.26,29.8
2026-01-08T02:00:00+00:00,2026-01-08T03:00:00+00:00,29.479935173147222,29.23,29.76
2026-01-08T03:00:00+00:00,2026-01-08T04:00:00+00:00,29.391760547327774,29.14,29.64
2026-01-08T04:00:00+00:00,2026-01-08T05:00:00+00:00,29.342612471544445,29.07,29.6
2026-01-08T05:00:00+00:00,2026-01-08T06:00:00+00:00,29.299675193472222,29.02,29.56
2026-01-08T06:00:00+00:00,2026-01-08T07:00:00+00:00,29.22703352626944,28.99,29.49
2026-01-08T07:00:00+00:00,2026-01-08T08:00:00+00:00,29.194371621722222,28.93,29.54
2026-01-08T08:00:00+00:00,2026-01-08T09:00:00+00:00,29.24166251633889,28.94,29.53
2026-01-08T09:00:00+00:00,2026-01-08T10:00:00+00:00,29.281044087458337,28.96,29.58
2026-01-08T10:00:00+00:00,2026-01-08T11:00:00+00:00,29.33438138145834,29.01,29.62
2026-01-08T11:00:00+00:00,2026-01-08T12:00:00+00:00,27.758470837260575,25.85,29.55
2026-01-08T12:00:00+00:00,2026-01-08T13:00:00+00:00,25.496173299025,24.98,26.13
2026-01-08T13:00:00+00:00,2026-01-08T14:00:00+00:00,26.456357107800002,25.03,27.37
2026-01-08T14:00:00+00:00,2026-01-08T15:00:00+00:00,27.515542346308337,27.02,27.96
2026-01-08T15:00:00+00:00,2026-01-08T16:00:00+00:00,27.86782299152222,27.51,28.3
2026-01-08T16:00:00+00:00,2026-01-08T17:00:00+00:00,27.990357278672217,27.7,28.24
2026-01-08T17:00:00+00:00,2026-01-08T18:00:00+00:00,28.054157376313885,27.74,28.33
2026-01-08T18:00:00+00:00,2026-01-08T19:00:00+00:00,28.152996117994444,27.87,28.47
2026-01-08T19:00:00+00:00,2026-01-08T20:00:00+00:00,28.306888219041664,27.99,28.67
2026-01-08T20:00:00+00:00,2026-01-08T21:00:00+00:00,28.382417778208332,28.03,28.67
2026-01-08T21:00:00+00:00,2026-01-08T22:00:00+00:00,28.474813495891667,28.12,28.76
2026-01-08T22:00:00+00:00,2026-01-08T23:00:00+00:00,28.501381771936114,28.26,28.8
2026-01-08T23:00:00+00:00,2026-01-09T00:00:00+00:00,28.450900021569442,28.13,28.75
2026-01-09T00:00:00+00:00,2026-01-09T01:00:00+00:00,28.399987003322224,28.11,28.68
2026-01-09T01:00:00+00:00,2026-01-09T02:00:00+00:00,28.26796634834167,27.98,28.56
2026-01-09T02:00:00+00:00,2026-01-09T03:00:00+00:00,28.166024383241666,27.89,28.44
2026-01-09T03:00:00+00:00,2026-01-09T04:00:00+00:00,28.170353323883333,27.93,28.46
2026-01-09T04:00:00+00:00,2026-01-09T05:00:00+00:00,28.122396664997225,27.68,28.46
2026-01-09T05:00:00+00:00,2026-01-09T06:00:00+00:00,28.068083884966665,27.69,28.36
2026-01-09T06:00:00+00:00,2026-01-09T07:00:00+00:00,28.11623717823611,27.85,28.41
2026-01-09T07:00:00+00:00,2026-01-09T08:00:00+00:00,28.263595046377777,27.99,28.64
2026-01-09T08:00:00+00:00,2026-01-09T09:00:00+00:00,28.428639329522223,28.09,28.73
2026-01-09T09:00:00+00:00,2026-01-09T10:00:00+00:00,28.525620072472222,28.23,28.84
2026-01-09T10:00:00+00:00,2026-01-09T11:00:00+00:00,28.56283822734167,28.27,28.81
2026-01-09T11:00:00+00:00,2026-01-09T12:00:00+00:00,28.528533676294444,28.24,28.89
2026-01-09T12:00:00+00:00,2026-01-09T13:00:00+00:00,28.428535151102775,28.11,28.76
2026-01-09T13:00:00+00:00,2026-01-09T14:00:00+00:00,28.236443072041663,27.9,28.63
2026-01-09T14:00:00+00:00,2026-01-09T15:00:00+00:00,28.031694299983332,27.71,28.39
2026-01-09T15:00:00+00:00,2026-01-09T16:00:00+00:00,27.814708196750004,27.52,28.2
2026-01-09T16:00:00+00:00,2026-01-09T17:00:00+00:00,27.62830721802222,27.31,28.03
2026-01-09T17:00:00+00:00,2026-01-09T18:00:00+00:00,27.44652340603611,27.15,27.78
2026-01-09T18:00:00+00:00,2026-01-09T19:00:00+00:00,27.30247293936389,26.99,27.59
2026-01-09T19:00:00+00:00,2026-01-09T20:00:00+00:00,27.15398051480278,26.88,27.53
2026-01-09T20:00:00+00:00,2026-01-09T21:00:00+00:00,26.9694390534,26.6,27.25
2026-01-09T21:00:00+00:00,2026-01-09T22:00:00+00:00,26.736039272250007,26.35,27.08
2026-01-09T22:00:00+00:00,2026-01-09T23:00:00+00:00,26.552574684163886,26.18,26.94
2026-01-09T23:00:00+00:00,2026-01-10T00:00:00+00:00,26.418975828883337,26.09,26.78
2026-01-10T00:00:00+00:00,2026-01-10T01:00:00+00:00,26.275456954852775,25.95,26.56
2026-01-10T01:00:00+00:00,2026-01-10T02:00:00+00:00,26.1344240958,25.84,26.38
2026-01-10T02:00:00+00:00,2026-01-10T03:00:00+00:00,26.01333575539444,25.74,26.27
2026-01-10T03:00:00+00:00,2026-01-10T04:00:00+00:00,25.890688997502775,25.64,26.22
2026-01-10T04:00:00+00:00,2026-01-10T05:00:00+00:00,25.77536591438889,25.44,26.06
2026-01-10T05:00:00+00:00,2026-01-10T06:00:00+00:00,25.656663480030556,25.34,25.99
2026-01-10T06:00:00+00:00,2026-01-10T07:00:00+00:00,25.523482837011112,25.2,25.85
2026-01-10T07:00:00+00:00,2026-01-10T08:00:00+00:00,25.395169244572216,24.98,25.71
2026-01-10T08:00:00+00:00,2026-01-10T09:00:00+00:00,25.30284482737778,24.9,25.59
2026-01-10T09:00:00+00:00,2026-01-10T10:00:00+00:00,25.220064750825,24.97,25.49
2026-01-10T10:00:00+00:00,2026-01-10T11:00:00+00:00,25.109751558672226,24.8,25.51
2026-01-10T11:00:00+00:00,2026-01-10T12:00:00+00:00,25.011320574830552,24.71,25.29
2026-01-10T12:00:00+00:00,2026-01-10T13:00:00+00:00,24.923147049580553,24.6,25.23
2026-01-10T13:00:00+00:00,2026-01-10T14:00:00+00:00,24.812523181819447,24.47,25.19
2026-01-10T14:00:00+00:00,2026-01-10T15:00:00+00:00,24.75261477522778,24.44,25.03
2026-01-10T15:00:00+00:00,2026-01-10T16:00:00+00:00,24.69613359121111,24.34,25.12
2026-01-10T16:00:00+00:00,2026-01-10T17:00:00+00:00,24.62481991078889,24.33,24.93
2026-01-10T17:00:00+00:00,2026-01-10T18:00:00+00:00,24.69226877505278,24.35,25.15
2026-01-10T18:00:00+00:00,2026-01-10T19:00:00+00:00,25.02563379264444,24.58,25.37
2026-01-10T19:00:00+00:00,2026-01-10T20:00:00+00:00,25.38321045905556,25,25.78
2026-01-10T20:00:00+00:00,2026-01-10T21:00:00+00:00,25.722345572233333,25.34,26.1
2026-01-10T21:00:00+00:00,2026-01-10T22:00:00+00:00,26.011394399161116,25.64,26.41
2026-01-10T22:00:00+00:00,2026-01-10T23:00:00+00:00,26.27451509449722,25.95,26.61
2026-01-10T23:00:00+00:00,2026-01-11T00:00:00+00:00,26.51792356522222,26.1,26.85
2026-01-11T00:00:00+00:00,2026-01-11T01:00:00+00:00,26.659794276886107,26.31,26.96
2026-01-11T01:00:00+00:00,2026-01-11T02:00:00+00:00,26.80127081845556,26.48,27.08
2026-01-11T02:00:00+00:00,2026-01-11T03:00:00+00:00,26.935479216452777,26.59,27.25
2026-01-11T03:00:00+00:00,2026-01-11T04:00:00+00:00,27.02256516712222,26.68,27.32
2026-01-11T04:00:00+00:00,2026-01-11T05:00:00+00:00,27.1085928447,26.84,27.4
2026-01-11T05:00:00+00:00,2026-01-11T06:00:00+00:00,27.196530458011107,26.92,27.44
2026-01-11T06:00:00+00:00,2026-01-11T07:00:00+00:00,27.278560966552778,27.01,27.55
2026-01-11T07:00:00+00:00,2026-01-11T08:00:00+00:00,27.356726695836112,27.06,27.64
2026-01-11T08:00:00+00:00,2026-01-11T09:00:00+00:00,27.39403240315833,27.07,27.71
2026-01-11T09:00:00+00:00,2026-01-11T10:00:00+00:00,27.495997590855556,27.24,27.77
2026-01-11T10:00:00+00:00,2026-01-11T11:00:00+00:00,27.643582884205557,27.31,27.98
2026-01-11T11:00:00+00:00,2026-01-11T12:00:00+00:00,27.789363818169445,27.51,28.07
2026-01-11T12:00:00+00:00,2026-01-11T13:00:00+00:00,27.88770691233889,27.55,28.16
2026-01-11T13:00:00+00:00,2026-01-11T14:00:00+00:00,27.970943754444445,27.73,28.3
2026-01-11T14:00:00+00:00,2026-01-11T15:00:00+00:00,27.999724048999997,27.65,28.34
2026-01-11T15:00:00+00:00,2026-01-11T16:00:00+00:00,28.074541890255556,27.77,28.42
2026-01-11T16:00:00+00:00,2026-01-11T17:00:00+00:00,28.13959461890278,27.85,28.48
2026-01-11T17:00:00+00:00,2026-01-11T18:00:00+00:00,28.166358213758333,27.83,28.45
2026-01-11T18:00:00+00:00,2026-01-11T19:00:00+00:00,28.181475666772226,27.92,28.46
2026-01-11T19:00:00+00:00,2026-01-11T20:00:00+00:00,28.265532523063886,28.02,28.62
2026-01-11T20:00:00+00:00,2026-01-11T21:00:00+00:00,28.33249148871667,28.07,28.61
2026-01-11T21:00:00+00:00,2026-01-11T22:00:00+00:00,28.360347610913895,28.09,28.61
2026-01-11T22:00:00+00:00,2026-01-11T23:00:00+00:00,28.373657535900005,28.05,28.63
2026-01-11T23:00:00+00:00,2026-01-12T00:00:00+00:00,28.379685711208335,28.13,28.64
2026-01-12T00:00:00+00:00,2026-01-12T01:00:00+00:00,28.344236412355553,28.02,28.64
2026-01-12T01:00:00+00:00,2026-01-12T02:00:00+00:00,28.295844130133336,28.04,28.51
2026-01-12T02:00:00+00:00,2026-01-12T03:00:00+00:00,28.27791854575278,28,28.52
2026-01-12T03:00:00+00:00,2026-01-12T04:00:00+00:00,28.22419451547778,27.91,28.5
2026-01-12T04:00:00+00:00,2026-01-12T05:00:00+00:00,28.189144340536107,27.89,28.47
2026-01-12T05:00:00+00:00,2026-01-12T06:00:00+00:00,28.167997352955553,27.94,28.4
2026-01-12T06:00:00+00:00,2026-01-12T07:00:00+00:00,28.156953839636113,27.88,28.46
2026-01-12T07:00:00+00:00,2026-01-12T08:00:00+00:00,28.227540980227783,27.89,28.54
2026-01-12T08:00:00+00:00,2026-01-12T09:00:00+00:00,28.25456949674722,27.92,28.5
2026-01-12T09:00:00+00:00,2026-01-12T10:00:00+00:00,28.324458181308334,28.05,28.58
2026-01-12T10:00:00+00:00,2026-01-12T11:00:00+00:00,28.378182539163888,28.09,28.63
2026-01-12T11:00:00+00:00,2026-01-12T12:00:00+00:00,28.397942586102783,28.14,28.63
2026-01-12T12:00:00+00:00,2026-01-12T13:00:00+00:00,28.384397903819448,28.08,28.63
2026-01-12T13:00:00+00:00,2026-01-12T14:00:00+00:00,28.446436260902775,28.19,28.76
2026-01-12T14:00:00+00:00,2026-01-12T15:00:00+00:00,28.510191752755556,28.22,28.77
2026-01-12T15:00:00+00:00,2026-01-12T16:00:00+00:00,28.53553614023889,28.24,28.84
2026-01-12T16:00:00+00:00,2026-01-12T17:00:00+00:00,28.539884591077776,28.26,28.85
2026-01-12T17:00:00+00:00,2026-01-12T18:00:00+00:00,28.550739094941665,28.31,28.79
2026-01-12T18:00:00+00:00,2026-01-12T19:00:00+00:00,28.530399378400002,28.29,28.86
2026-01-12T19:00:00+00:00,2026-01-12T20:00:00+00:00,28.520795578877777,28.21,28.8
2026-01-12T20:00:00+00:00,2026-01-12T21:00:00+00:00,28.534812598000002,28.14,28.78
2026-01-12T21:00:00+00:00,2026-01-12T22:00:00+00:00,28.595251126536116,28.31,28.89
2026-01-12T22:00:00+00:00,2026-01-12T23:00:00+00:00,28.585896246811107,28.32,28.87
2026-01-12T23:00:00+00:00,2026-01-13T00:00:00+00:00,28.61545886805555,28.35,28.89
2026-01-13T00:00:00+00:00,2026-01-13T01:00:00+00:00,28.573696788669448,28.22,28.83
2026-01-13T01:00:00+00:00,2026-01-13T02:00:00+00:00,28.46522536620833,28.19,28.74
2026-01-13T02:00:00+00:00,2026-01-13T03:00:00+00:00,28.353047809697227,28.03,28.69
2026-01-13T03:00:00+00:00,2026-01-13T04:00:00+00:00,28.218885293241666,27.93,28.53
2026-01-13T04:00:00+00:00,2026-01-13T05:00:00+00:00,28.16489798873611,27.92,28.47
2026-01-13T05:00:00+00:00,2026-01-13T06:00:00+00:00,28.151478047672214,27.85,28.47
2026-01-13T06:00:00+00:00,2026-01-13T07:00:00+00:00,28.08996736297222,27.78,28.35
2026-01-13T07:00:00+00:00,2026-01-13T08:00:00+00:00,28.090026182450003,27.78,28.39
2026-01-13T08:00:00+00:00,2026-01-13T09:00:00+00:00,28.17539753810833,27.91,28.46
2026-01-13T09:00:00+00:00,2026-01-13T10:00:00+00:00,28.19515751003333,27.98,28.44
2026-01-13T10:00:00+00:00,2026-01-13T11:00:00+00:00,28.28940048680555,28.03,28.55
2026-01-13T11:00:00+00:00,2026-01-13T12:00:00+00:00,28.38576814988055,28.09,28.72
2026-01-13T12:00:00+00:00,2026-01-13T13:00:00+00:00,28.479441162550003,28.19,28.74
2026-01-13T13:00:00+00:00,2026-01-13T14:00:00+00:00,28.518566818180556,28.25,28.76
2026-01-13T14:00:00+00:00,2026-01-13T15:00:00+00:00,28.574032984927783,28.36,28.81
2026-01-13T15:00:00+00:00,2026-01-13T16:00:00+00:00,28.626645704016667,28.27,28.87
2026-01-13T16:00:00+00:00,2026-01-13T17:00:00+00:00,28.65138673609444,28.41,28.91
2026-01-13T17:00:00+00:00,2026-01-13T18:00:00+00:00,28.673061745255556,28.44,28.89
2026-01-13T18:00:00+00:00,2026-01-13T19:00:00+00:00,28.67592471300833,28.45,28.92
2026-01-13T19:00:00+00:00,2026-01-13T20:00:00+00:00,28.71273144527778,28.42,28.99
2026-01-13T20:00:00+00:00,2026-01-13T21:00:00+00:00,28.735165810108338,28.47,29.03
2026-01-13T21:00:00+00:00,2026-01-13T22:00:00+00:00,28.780544749402775,28.56,29.01
2026-01-13T22:00:00+00:00,2026-01-13T23:00:00+00:00,28.802014244838887,28.5,29.07
2026-01-13T23:00:00+00:00,2026-01-14T00:00:00+00:00,28.788241050138893,28.51,29.1
2026-01-14T00:00:00+00:00,2026-01-14T01:00:00+00:00,28.735340189436105,28.44,29.03
2026-01-14T01:00:00+00:00,2026-01-14T02:00:00+00:00,28.622608089680554,28.31,28.99
2026-01-14T02:00:00+00:00,2026-01-14T03:00:00+00:00,28.517592647833336,28.18,28.76
2026-01-14T03:00:00+00:00,2026-01-14T04:00:00+00:00,28.371907093147225,28.05,28.69
2026-01-14T04:00:00+00:00,2026-01-14T05:00:00+00:00,28.249790806350003,27.96,28.59
2026-01-14T05:00:00+00:00,2026-01-14T06:00:00+00:00,28.233076642672227,27.97,28.47
2026-01-14T06:00:00+00:00,2026-01-14T07:00:00+00:00,28.201944668558337,27.95,28.44
2026-01-14T07:00:00+00:00,2026-01-14T08:00:00+00:00,28.172002335425002,27.82,28.49
2026-01-14T08:00:00+00:00,2026-01-14T09:00:00+00:00,28.24071592225,27.94,28.48
2026-01-14T09:00:00+00:00,2026-01-14T10:00:00+00:00,28.20719600303056,27.93,28.42
2026-01-14T10:00:00+00:00,2026-01-14T11:00:00+00:00,28.239290863033336,27.97,28.52
2026-01-14T11:00:00+00:00,2026-01-14T12:00:00+00:00,28.289977330469444,27.97,28.57
2026-01-14T12:00:00+00:00,2026-01-14T13:00:00+00:00,28.20660955816111,27.92,28.45
2026-01-14T13:00:00+00:00,2026-01-14T14:00:00+00:00,28.25490016960556,28.03,28.51
2026-01-14T14:00:00+00:00,2026-01-14T15:00:00+00:00,28.3177031669,28.1,28.54
2026-01-14T15:00:00+00:00,2026-01-14T16:00:00+00:00,28.310798241266674,28.11,28.49
2026-01-14T16:00:00+00:00,2026-01-14T17:00:00+00:00,24.536128384061538,23.87,25.28
2026-01-14T17:00:00+00:00,2026-01-14T18:00:00+00:00,25.465759109133334,24.93,25.84
2026-01-14T18:00:00+00:00,2026-01-14T19:00:00+00:00,25.792512022005557,25.5,26.17
2026-01-14T19:00:00+00:00,2026-01-14T20:00:00+00:00,25.94427043113055,25.64,26.26
2026-01-14T20:00:00+00:00,2026-01-14T21:00:00+00:00,25.979762673847222,25.76,26.3
2026-01-14T21:00:00+00:00,2026-01-14T22:00:00+00:00,26.468997946669443,25.75,27.03
2026-01-14T22:00:00+00:00,2026-01-14T23:00:00+00:00,26.88704254358056,26.62,27.14
2026-01-14T23:00:00+00:00,2026-01-15T00:00:00+00:00,26.912307420358328,26.59,27.18
2026-01-15T00:00:00+00:00,2026-01-15T01:00:00+00:00,26.810961981125004,26.51,27.04
2026-01-15T01:00:00+00:00,2026-01-15T02:00:00+00:00,26.66122124880555,26.29,27.02
2026-01-15T02:00:00+00:00,2026-01-15T03:00:00+00:00,26.502591706575004,26.14,26.8
2026-01-15T03:00:00+00:00,2026-01-15T04:00:00+00:00,26.35250022714722,26.04,26.68
2026-01-15T04:00:00+00:00,2026-01-15T05:00:00+00:00,26.204814425125004,25.91,26.52
2026-01-15T05:00:00+00:00,2026-01-15T06:00:00+00:00,26.168329437238892,25.93,26.43
2026-01-15T06:00:00+00:00,2026-01-15T07:00:00+00:00,26.17005532441667,25.89,26.5
2026-01-15T07:00:00+00:00,2026-01-15T08:00:00+00:00,26.142084995866668,25.88,26.36
2026-01-15T08:00:00+00:00,2026-01-15T09:00:00+00:00,26.34135749091111,26.03,26.62
2026-01-15T09:00:00+00:00,2026-01-15T10:00:00+00:00,26.534113849833332,26.27,26.81
2026-01-15T10:00:00+00:00,2026-01-15T11:00:00+00:00,26.56139728731389,26.33,26.8
2026-01-15T11:00:00+00:00,2026-01-15T12:00:00+00:00,26.61383347843333,26.29,26.9
2026-01-15T12:00:00+00:00,2026-01-15T13:00:00+00:00,26.71671190540278,26.42,27.01
2026-01-15T13:00:00+00:00,2026-01-15T14:00:00+00:00,26.811681397691668,26.51,27.08
2026-01-15T14:00:00+00:00,2026-01-15T15:00:00+00:00,26.797345422724998,26.36,27.08
2026-01-15T15:00:00+00:00,2026-01-15T16:00:00+00:00,26.411413792152775,26.08,26.75
2026-01-15T16:00:00+00:00,2026-01-15T17:00:00+00:00,26.302933606341664,26.05,26.59
2026-01-15T17:00:00+00:00,2026-01-15T18:00:00+00:00,26.290999342880554,26.06,26.53
2026-01-15T18:00:00+00:00,2026-01-15T19:00:00+00:00,26.26521778394722,25.95,26.57
2026-01-15T19:00:00+00:00,2026-01-15T20:00:00+00:00,26.266214099502776,25.9,26.54
2026-01-15T20:00:00+00:00,2026-01-15T21:00:00+00:00,25.830120864688883,24.71,26.65
2026-01-15T21:00:00+00:00,2026-01-15T22:00:00+00:00,24.664638630919445,24.17,25.1
2026-01-15T22:00:00+00:00,2026-01-15T23:00:00+00:00,25.009786356413883,24.09,26.19
2026-01-15T23:00:00+00:00,2026-01-16T00:00:00+00:00,26.38711619394722,25.89,26.75
2026-01-16T00:00:00+00:00,2026-01-16T01:00:00+00:00,26.615684294983335,26.29,26.87
2026-01-16T01:00:00+00:00,2026-01-16T02:00:00+00:00,26.61647756419444,26.34,26.93
2026-01-16T02:00:00+00:00,2026-01-16T03:00:00+00:00,26.526059739919447,26.19,26.84
2026-01-16T03:00:00+00:00,2026-01-16T04:00:00+00:00,26.41464066206389,26.09,26.75
2026-01-16T04:00:00+00:00,2026-01-16T05:00:00+00:00,26.289772429099997,26.06,26.61
2026-01-16T05:00:00+00:00,2026-01-16T06:00:00+00:00,26.181973602938893,25.94,26.42
2026-01-16T06:00:00+00:00,2026-01-16T07:00:00+00:00,26.18568466389445,25.92,26.45
2026-01-16T07:00:00+00:00,2026-01-16T08:00:00+00:00,26.231643236705555,25.98,26.52
2026-01-16T08:00:00+00:00,2026-01-16T09:00:00+00:00,26.355384498286114,25.99,26.65
2026-01-16T09:00:00+00:00,2026-01-16T10:00:00+00:00,26.44651983340833,26.15,26.72
2026-01-16T10:00:00+00:00,2026-01-16T11:00:00+00:00,26.65470065023889,26.38,26.99
2026-01-16T11:00:00+00:00,2026-01-16T12:00:00+00:00,26.82931372627778,26.55,27.05
2026-01-16T12:00:00+00:00,2026-01-16T13:00:00+00:00,26.88597320148611,26.56,27.19
2026-01-16T13:00:00+00:00,2026-01-16T14:00:00+00:00,26.888109917124996,26.64,27.24
2026-01-16T14:00:00+00:00,2026-01-16T15:00:00+00:00,26.934497052094443,26.62,27.23
2026-01-16T15:00:00+00:00,2026-01-16T16:00:00+00:00,26.973909881930553,26.71,27.34
2026-01-16T16:00:00+00:00,2026-01-16T17:00:00+00:00,26.96549589791945,26.64,27.28
2026-01-16T17:00:00+00:00,2026-01-16T18:00:00+00:00,26.940238910108334,26.65,27.21
2026-01-16T18:00:00+00:00,2026-01-16T19:00:00+00:00,26.885348898244448,26.61,27.16
2026-01-16T19:00:00+00:00,2026-01-16T20:00:00+00:00,26.98923144715555,26.74,27.31
2026-01-16T20:00:00+00:00,2026-01-16T21:00:00+00:00,27.056251592941663,26.8,27.29
2026-01-16T21:00:00+00:00,2026-01-16T22:00:00+00:00,27.046173178380556,26.75,27.32
2026-01-16T22:00:00+00:00,2026-01-16T23:00:00+00:00,26.940732129758334,26.68,27.2
2026-01-16T23:00:00+00:00,2026-01-17T00:00:00+00:00,26.848298209958333,26.61,27.11
2026-01-17T00:00:00+00:00,2026-01-17T01:00:00+00:00,26.745842286655556,26.46,27.02
2026-01-17T01:00:00+00:00,2026-01-17T02:00:00+00:00,26.611404990808328,26.27,26.92
2026-01-17T02:00:00+00:00,2026-01-17T03:00:00+00:00,26.491240460916668,26.15,26.8
2026-01-17T03:00:00+00:00,2026-01-17T04:00:00+00:00,26.36069815988056,26.12,26.64
2026-01-17T04:00:00+00:00,2026-01-17T05:00:00+00:00,26.256589128563885,25.85,26.58
2026-01-17T05:00:00+00:00,2026-01-17T06:00:00+00:00,26.228038571522223,25.93,26.52
2026-01-17T06:00:00+00:00,2026-01-17T07:00:00+00:00,26.32422988941389,26.03,26.65
2026-01-17T07:00:00+00:00,2026-01-17T08:00:00+00:00,26.332598436463886,26.09,26.61
2026-01-17T08:00:00+00:00,2026-01-17T09:00:00+00:00,26.41959062349167,26.16,26.74
2026-01-17T09:00:00+00:00,2026-01-17T10:00:00+00:00,26.59010691345,26.24,26.93
2026-01-17T10:00:00+00:00,2026-01-17T11:00:00+00:00,26.80462576082778,26.49,27.14
2026-01-17T11:00:00+00:00,2026-01-17T12:00:00+00:00,26.937407755600002,26.57,27.2
2026-01-17T12:00:00+00:00,2026-01-17T13:00:00+00:00,26.93491900129167,26.63,27.16
2026-01-17T13:00:00+00:00,2026-01-17T14:00:00+00:00,26.9367646821,26.69,27.21
2026-01-17T14:00:00+00:00,2026-01-17T15:00:00+00:00,27.0061638194,26.74,27.31
2026-01-17T15:00:00+00:00,2026-01-17T16:00:00+00:00,27.03893000847778,26.66,27.3
2026-01-17T16:00:00+00:00,2026-01-17T17:00:00+00:00,26.181609816475003,25.82,26.95
2026-01-17T17:00:00+00:00,2026-01-17T18:00:00+00:00,25.86487164173056,25.38,26.19
2026-01-17T18:00:00+00:00,2026-01-17T19:00:00+00:00,25.553735450633337,25.3,25.87
2026-01-17T19:00:00+00:00,2026-01-17T20:00:00+00:00,25.562632786019446,25.3,25.84
2026-01-17T20:00:00+00:00,2026-01-17T21:00:00+00:00,25.575570262763886,25.28,25.82
2026-01-17T21:00:00+00:00,2026-01-17T22:00:00+00:00,25.580129532919447,25.28,26.06
2026-01-17T22:00:00+00:00,2026-01-17T23:00:00+00:00,26.119981715363892,25.68,26.48
2026-01-17T23:00:00+00:00,2026-01-18T00:00:00+00:00,26.296335505755554,26.01,26.55
2026-01-18T00:00:00+00:00,2026-01-18T01:00:00+00:00,26.28301814793889,25.96,26.52
2026-01-18T01:00:00+00:00,2026-01-18T02:00:00+00:00,26.197544906541662,25.92,26.52
2026-01-18T02:00:00+00:00,2026-01-18T03:00:00+00:00,26.082536294044445,25.71,26.33
2026-01-18T03:00:00+00:00,2026-01-18T04:00:00+00:00,25.95500638077222,25.7,26.29
2026-01-18T04:00:00+00:00,2026-01-18T05:00:00+00:00,25.92036491638334,25.64,26.22
2026-01-18T05:00:00+00:00,2026-01-18T06:00:00+00:00,25.905984046925,25.61,26.16
2026-01-18T06:00:00+00:00,2026-01-18T07:00:00+00:00,25.859993224942148,25.59,26.13
2026-01-18T07:00:00+00:00,2026-01-18T08:00:00+00:00,25.842770517619446,25.56,26.13
2026-01-18T08:00:00+00:00,2026-01-18T09:00:00+00:00,25.875694467036112,25.63,26.13
2026-01-18T09:00:00+00:00,2026-01-18T10:00:00+00:00,26.03793233831111,25.59,26.33
2026-01-18T10:00:00+00:00,2026-01-18T11:00:00+00:00,26.306465249752776,25.92,26.57
2026-01-18T11:00:00+00:00,2026-01-18T12:00:00+00:00,26.452278575872224,26.19,26.7
2026-01-18T12:00:00+00:00,2026-01-18T13:00:00+00:00,26.361428120033334,26.05,26.64
2026-01-18T13:00:00+00:00,2026-01-18T14:00:00+00:00,26.27141361223333,25.96,26.6
2026-01-18T14:00:00+00:00,2026-01-18T15:00:00+00:00,26.28143884068055,26,26.56
2026-01-18T15:00:00+00:00,2026-01-18T16:00:00+00:00,26.29246764473611,26.02,26.56
2026-01-18T16:00:00+00:00,2026-01-18T17:00:00+00:00,26.36022739041111,26.04,27
2026-01-18T17:00:00+00:00,2026-01-18T18:00:00+00:00,27.690321088019445,26.78,28.24
2026-01-18T18:00:00+00:00,2026-01-18T19:00:00+00:00,28.238927516525,27.85,28.6
2026-01-18T19:00:00+00:00,2026-01-18T20:00:00+00:00,28.670951547055562,28.23,29.08
2026-01-18T20:00:00+00:00,2026-01-18T21:00:00+00:00,28.860172710597222,28.61,29.14
2026-01-18T21:00:00+00:00,2026-01-18T22:00:00+00:00,28.915166042308332,28.64,29.2
2026-01-18T22:00:00+00:00,2026-01-18T23:00:00+00:00,28.862284611441677,28.51,29.18
2026-01-18T23:00:00+00:00,2026-01-19T00:00:00+00:00,28.844565805794442,28.58,29.14
2026-01-19T00:00:00+00:00,2026-01-19T01:00:00+00:00,28.863065264544446,28.63,29.08
2026-01-19T01:00:00+00:00,2026-01-19T02:00:00+00:00,28.805513757580552,28.56,29.07
2026-01-19T02:00:00+00:00,2026-01-19T03:00:00+00:00,28.701817006588886,28.43,28.98
2026-01-19T03:00:00+00:00,2026-01-19T04:00:00+00:00,28.657437048330554,28.43,28.88
2026-01-19T04:00:00+00:00,2026-01-19T05:00:00+00:00,28.61355000382778,28.31,28.86
2026-01-19T05:00:00+00:00,2026-01-19T06:00:00+00:00,28.59718558014444,28.33,28.84
2026-01-19T06:00:00+00:00,2026-01-19T07:00:00+00:00,28.567017187647224,28.35,28.82
2026-01-19T07:00:00+00:00,2026-01-19T08:00:00+00:00,28.55219581394167,28.28,28.87
2026-01-19T08:00:00+00:00,2026-01-19T09:00:00+00:00,28.61712276771944,28.26,28.88
2026-01-19T09:00:00+00:00,2026-01-19T10:00:00+00:00,28.611670447069447,28.35,28.89
2026-01-19T10:00:00+00:00,2026-01-19T11:00:00+00:00,28.517694902922226,28.21,28.76
2026-01-19T11:00:00+00:00,2026-01-19T12:00:00+00:00,28.56414238058889,28.25,28.91
2026-01-19T12:00:00+00:00,2026-01-19T13:00:00+00:00,28.766488026063893,28.51,29.04
2026-01-19T13:00:00+00:00,2026-01-19T14:00:00+00:00,28.847736902488887,28.57,29.18
2026-01-19T14:00:00+00:00,2026-01-19T15:00:00+00:00,28.881891625583336,28.65,29.09
2026-01-19T15:00:00+00:00,2026-01-19T16:00:00+00:00,28.908988838011116,28.64,29.13
2026-01-19T16:00:00+00:00,2026-01-19T17:00:00+00:00,28.93546673731389,28.69,29.18
2026-01-19T17:00:00+00:00,2026-01-19T18:00:00+00:00,28.954287027297223,28.67,29.19
2026-01-19T18:00:00+00:00,2026-01-19T19:00:00+00:00,28.977202158088886,28.75,29.21
2026-01-19T19:00:00+00:00,2026-01-19T20:00:00+00:00,28.99663142861388,28.74,29.22
2026-01-19T20:00:00+00:00,2026-01-19T21:00:00+00:00,29.008812504530557,28.76,29.23
2026-01-19T21:00:00+00:00,2026-01-19T22:00:00+00:00,29.005839911547223,28.77,29.22
2026-01-19T22:00:00+00:00,2026-01-19T23:00:00+00:00,28.94537077284166,28.66,29.24
2026-01-19T23:00:00+00:00,2026-01-20T00:00:00+00:00,28.889316004180557,28.65,29.15
2026-01-20T00:00:00+00:00,2026-01-20T01:00:00+00:00,28.79187260630833,28.54,29.05
2026-01-20T01:00:00+00:00,2026-01-20T02:00:00+00:00,28.672523039186107,28.31,28.93
2026-01-20T02:00:00+00:00,2026-01-20T03:00:00+00:00,28.549762394516666,28.27,28.79
2026-01-20T03:00:00+00:00,2026-01-20T04:00:00+00:00,28.506918660452772,28.25,28.75
2026-01-20T04:00:00+00:00,2026-01-20T05:00:00+00:00,28.441621964630553,28.19,28.69
2026-01-20T05:00:00+00:00,2026-01-20T06:00:00+00:00,28.38804994598611,28.12,28.66
2026-01-20T06:00:00+00:00,2026-01-20T07:00:00+00:00,28.396752134483332,28.13,28.63
2026-01-20T07:00:00+00:00,2026-01-20T08:00:00+00:00,28.431970997513886,28.19,28.66
2026-01-20T08:00:00+00:00,2026-01-20T09:00:00+00:00,28.512628374569445,28.24,28.74
2026-01-20T09:00:00+00:00,2026-01-20T10:00:00+00:00,28.56641997164722,28.29,28.81
2026-01-20T10:00:00+00:00,2026-01-20T11:00:00+00:00,28.685430533786107,28.39,28.93
2026-01-20T11:00:00+00:00,2026-01-20T12:00:00+00:00,28.735162994041673,28.5,28.96
2026-01-20T12:00:00+00:00,2026-01-20T13:00:00+00:00,28.833459885616666,28.58,29.12
2026-01-20T13:00:00+00:00,2026-01-20T14:00:00+00:00,28.903042739572218,28.64,29.15
2026-01-20T14:00:00+00:00,2026-01-20T15:00:00+00:00,28.93151648708333,28.66,29.22
2026-01-20T15:00:00+00:00,2026-01-20T16:00:00+00:00,28.954213831244445,28.6,29.21
2026-01-20T16:00:00+00:00,2026-01-20T17:00:00+00:00,28.9750844643,28.63,29.24
2026-01-20T17:00:00+00:00,2026-01-20T18:00:00+00:00,29.023806698152782,28.71,29.26
2026-01-20T18:00:00+00:00,2026-01-20T19:00:00+00:00,29.060504782494444,28.74,29.31
2026-01-20T19:00:00+00:00,2026-01-20T20:00:00+00:00,29.104447857161105,28.86,29.34
2026-01-20T20:00:00+00:00,2026-01-20T21:00:00+00:00,29.183861664472218,28.97,29.45
2026-01-20T21:00:00+00:00,2026-01-20T22:00:00+00:00,29.23217368478889,28.96,29.46
2026-01-20T22:00:00+00:00,2026-01-20T23:00:00+00:00,29.233951350947223,28.93,29.45
2026-01-20T23:00:00+00:00,2026-01-21T00:00:00+00:00,29.231877813205557,28.98,29.43
2026-01-21T00:00:00+00:00,2026-01-21T01:00:00+00:00,29.152870254263892,28.84,29.43
2026-01-21T01:00:00+00:00,2026-01-21T02:00:00+00:00,29.02095193135278,28.74,29.28
2026-01-21T02:00:00+00:00,2026-01-21T03:00:00+00:00,28.880216873872225,28.61,29.17
2026-01-21T03:00:00+00:00,2026-01-21T04:00:00+00:00,28.799201778761113,28.55,29.07
2026-01-21T04:00:00+00:00,2026-01-21T05:00:00+00:00,28.727243267202777,28.4,29.04
2026-01-21T05:00:00+00:00,2026-01-21T06:00:00+00:00,28.634597200166667,28.36,28.88
2026-01-21T06:00:00+00:00,2026-01-21T07:00:00+00:00,28.625310947927776,28.33,28.9
2026-01-21T07:00:00+00:00,2026-01-21T08:00:00+00:00,28.646129910644447,28.35,28.91
2026-01-21T08:00:00+00:00,2026-01-21T09:00:00+00:00,28.693482615055558,28.42,28.93
2026-01-21T09:00:00+00:00,2026-01-21T10:00:00+00:00,28.753540300702777,28.44,28.99
2026-01-21T10:00:00+00:00,2026-01-21T11:00:00+00:00,28.85099091738611,28.54,29.11
2026-01-21T11:00:00+00:00,2026-01-21T12:00:00+00:00,28.935845042072227,28.67,29.17
2026-01-21T12:00:00+00:00,2026-01-21T13:00:00+00:00,29.00836618144167,28.77,29.24
2026-01-21T13:00:00+00:00,2026-01-21T14:00:00+00:00,29.06892030405278,28.76,29.34
2026-01-21T14:00:00+00:00,2026-01-21T15:00:00+00:00,29.18177035114444,28.86,29.43
2026-01-21T15:00:00+00:00,2026-01-21T16:00:00+00:00,29.300431952880558,29,29.58
2026-01-21T16:00:00+00:00,2026-01-21T17:00:00+00:00,28.846818941788886,27.17,29.53
2026-01-21T17:00:00+00:00,2026-01-21T18:00:00+00:00,26.20017986517222,25.48,27.43
2026-01-21T18:00:00+00:00,2026-01-21T19:00:00+00:00,27.006397412705557,26.52,27.38
2026-01-21T19:00:00+00:00,2026-01-21T20:00:00+00:00,27.27357122746667,26.91,27.61
2026-01-21T20:00:00+00:00,2026-01-21T21:00:00+00:00,27.41295286625278,27.15,27.73
2026-01-21T21:00:00+00:00,2026-01-21T22:00:00+00:00,27.443336852183332,27.16,27.79
2026-01-21T22:00:00+00:00,2026-01-21T23:00:00+00:00,27.33974109065278,27.07,27.62
2026-01-21T23:00:00+00:00,2026-01-22T00:00:00+00:00,27.143989489852775,26.81,27.43
2026-01-22T00:00:00+00:00,2026-01-22T01:00:00+00:00,26.95036209879167,26.64,27.28
2026-01-22T01:00:00+00:00,2026-01-22T02:00:00+00:00,26.777062192802777,26.44,27.11
2026-01-22T02:00:00+00:00,2026-01-22T03:00:00+00:00,26.700076444433336,26.44,26.97
2026-01-22T03:00:00+00:00,2026-01-22T04:00:00+00:00,26.729836714294446,26.47,27
2026-01-22T04:00:00+00:00,2026-01-22T05:00:00+00:00,26.61695824392778,26.26,26.92
2026-01-22T05:00:00+00:00,2026-01-22T06:00:00+00:00,26.53856249686389,26.22,26.8
2026-01-22T06:00:00+00:00,2026-01-22T07:00:00+00:00,26.585313713877778,26.29,26.86
2026-01-22T07:00:00+00:00,2026-01-22T08:00:00+00:00,26.685754318919447,26.38,27.02
2026-01-22T08:00:00+00:00,2026-01-22T09:00:00+00:00,26.84625007462778,26.57,27.1
2026-01-22T09:00:00+00:00,2026-01-22T10:00:00+00:00,26.794722104547223,26.52,27.11
2026-01-22T10:00:00+00:00,2026-01-22T11:00:00+00:00,26.93760340551667,26.61,27.27
2026-01-22T11:00:00+00:00,2026-01-22T12:00:00+00:00,27.091445643113886,26.7,27.43
2026-01-22T12:00:00+00:00,2026-01-22T13:00:00+00:00,27.21673290838056,26.95,27.49
2026-01-22T13:00:00+00:00,2026-01-22T14:00:00+00:00,27.36310864753611,27.08,27.66
2026-01-22T14:00:00+00:00,2026-01-22T15:00:00+00:00,27.482415597533333,27.19,27.74
2026-01-22T15:00:00+00:00,2026-01-22T16:00:00+00:00,27.442550300297224,27.17,27.78
2026-01-22T16:00:00+00:00,2026-01-22T17:00:00+00:00,27.51346315028889,27.24,27.76
2026-01-22T17:00:00+00:00,2026-01-22T18:00:00+00:00,27.58418603257222,27.31,27.86
2026-01-22T18:00:00+00:00,2026-01-22T19:00:00+00:00,27.614394666986104,27.35,27.9
2026-01-22T19:00:00+00:00,2026-01-22T20:00:00+00:00,27.662510319302783,27.39,27.95
2026-01-22T20:00:00+00:00,2026-01-22T21:00:00+00:00,27.673960802969447,27.42,27.93
2026-01-22T21:00:00+00:00,2026-01-22T22:00:00+00:00,27.67186197368056,27.34,27.91
2026-01-22T22:00:00+00:00,2026-01-22T23:00:00+00:00,27.547373218677777,27.28,27.81
2026-01-22T23:00:00+00:00,2026-01-23T00:00:00+00:00,27.48234107503055,27.1,27.79
2026-01-23T00:00:00+00:00,2026-01-23T01:00:00+00:00,27.334855153777777,27.05,27.71
2026-01-23T01:00:00+00:00,2026-01-23T02:00:00+00:00,27.123237025824995,26.87,27.45
2026-01-23T02:00:00+00:00,2026-01-23T03:00:00+00:00,26.918939648011115,26.58,27.23
2026-01-23T03:00:00+00:00,2026-01-23T04:00:00+00:00,26.857993622094444,26.55,27.12
2026-01-23T04:00:00+00:00,2026-01-23T05:00:00+00:00,26.81135318947778,26.49,27.15
2026-01-23T05:00:00+00:00,2026-01-23T06:00:00+00:00,26.682787730947222,26.41,27
2026-01-23T06:00:00+00:00,2026-01-23T07:00:00+00:00,26.69124804136389,26.43,26.95
2026-01-23T07:00:00+00:00,2026-01-23T08:00:00+00:00,26.70645509276389,26.45,27
2026-01-23T08:00:00+00:00,2026-01-23T09:00:00+00:00,26.798558170952777,26.52,27.1
2026-01-23T09:00:00+00:00,2026-01-23T10:00:00+00:00,26.887607328363895,26.49,27.2
2026-01-23T10:00:00+00:00,2026-01-23T11:00:00+00:00,27.111341023252777,26.78,27.4
2026-01-23T11:00:00+00:00,2026-01-23T12:00:00+00:00,27.24671119325833,26.97,27.59
2026-01-23T12:00:00+00:00,2026-01-23T13:00:00+00:00,27.337974376208333,27.07,27.57
2026-01-23T13:00:00+00:00,2026-01-23T14:00:00+00:00,27.406630197669443,27.17,27.68
2026-01-23T14:00:00+00:00,2026-01-23T15:00:00+00:00,27.40412897668611,27.06,27.67
2026-01-23T15:00:00+00:00,2026-01-23T16:00:00+00:00,27.365468260430557,27.09,27.65
2026-01-23T16:00:00+00:00,2026-01-23T17:00:00+00:00,27.375091333144443,27.06,27.64
2026-01-23T17:00:00+00:00,2026-01-23T18:00:00+00:00,27.41541386891667,27.13,27.68
2026-01-23T18:00:00+00:00,2026-01-23T19:00:00+00:00,27.437273616130557,27.2,27.69
2026-01-23T19:00:00+00:00,2026-01-23T20:00:00+00:00,27.514011824438892,27.24,27.79
2026-01-23T20:00:00+00:00,2026-01-23T21:00:00+00:00,27.694853220216668,27.3,28.45
2026-01-23T21:00:00+00:00,2026-01-23T22:00:00+00:00,28.76858667531944,28.19,29.24
2026-01-23T22:00:00+00:00,2026-01-23T23:00:00+00:00,29.086391387155555,28.83,29.37
2026-01-23T23:00:00+00:00,2026-01-24T00:00:00+00:00,29.109792634527782,28.86,29.38
2026-01-24T00:00:00+00:00,2026-01-24T01:00:00+00:00,29.043945058697222,28.76,29.38
2026-01-24T01:00:00+00:00,2026-01-24T02:00:00+00:00,28.931696052386112,28.69,29.19
2026-01-24T02:00:00+00:00,2026-01-24T03:00:00+00:00,28.81738321523055,28.56,29.03
2026-01-24T03:00:00+00:00,2026-01-24T04:00:00+00:00,28.785288753586105,28.57,29.03
2026-01-24T04:00:00+00:00,2026-01-24T05:00:00+00:00,28.731492024227776,28.47,28.96
2026-01-24T05:00:00+00:00,2026-01-24T06:00:00+00:00,28.751965742419443,28.5,29.03
2026-01-24T06:00:00+00:00,2026-01-24T07:00:00+00:00,28.76469290385278,28.49,28.98
2026-01-24T07:00:00+00:00,2026-01-24T08:00:00+00:00,28.767661476077777,28.48,29.08
2026-01-24T08:00:00+00:00,2026-01-24T09:00:00+00:00,28.766196591344443,28.49,29
2026-01-24T09:00:00+00:00,2026-01-24T10:00:00+00:00,28.788706656988882,28.49,29.05
2026-01-24T10:00:00+00:00,2026-01-24T11:00:00+00:00,28.912622724900004,28.66,29.15
2026-01-24T11:00:00+00:00,2026-01-24T12:00:00+00:00,28.884366528130556,28.49,29.18
2026-01-24T12:00:00+00:00,2026-01-24T13:00:00+00:00,28.724771518372222,28.43,29.05
2026-01-24T13:00:00+00:00,2026-01-24T14:00:00+00:00,28.541610523774995,28.28,28.86
2026-01-24T14:00:00+00:00,2026-01-24T15:00:00+00:00,28.328991842580553,28,28.65
2026-01-24T15:00:00+00:00,2026-01-24T16:00:00+00:00,28.12263319941667,27.78,28.42
2026-01-24T16:00:00+00:00,2026-01-24T17:00:00+00:00,27.93142029846389,27.54,28.26
2026-01-24T17:00:00+00:00,2026-01-24T18:00:00+00:00,27.725621519205557,27.41,28.03
2026-01-24T18:00:00+00:00,2026-01-24T19:00:00+00:00,27.698845075977776,27.4,27.96
2026-01-24T19:00:00+00:00,2026-01-24T20:00:00+00:00,27.897417416349995,27.58,28.2
2026-01-24T20:00:00+00:00,2026-01-24T21:00:00+00:00,28.153917123822225,27.79,28.47
2026-01-24T21:00:00+00:00,2026-01-24T22:00:00+00:00,28.34444524224166,28,28.69
2026-01-24T22:00:00+00:00,2026-01-24T23:00:00+00:00,28.386867213666665,28.1,28.68
2026-01-24T23:00:00+00:00,2026-01-25T00:00:00+00:00,28.362497819347226,28.03,28.65
2026-01-25T00:00:00+00:00,2026-01-25T01:00:00+00:00,28.310328083752776,28.03,28.58
2026-01-25T01:00:00+00:00,2026-01-25T02:00:00+00:00,28.36094023621945,28.07,28.6
2026-01-25T02:00:00+00:00,2026-01-25T03:00:00+00:00,28.350429036491665,28.1,28.59
2026-01-25T03:00:00+00:00,2026-01-25T04:00:00+00:00,28.347798929444448,28.1,28.65
2026-01-25T04:00:00+00:00,2026-01-25T05:00:00+00:00,28.389881805797216,28.12,28.72
2026-01-25T05:00:00+00:00,2026-01-25T06:00:00+00:00,28.405382173466663,28.14,28.71
2026-01-25T06:00:00+00:00,2026-01-25T07:00:00+00:00,28.40972142510556,28.13,28.71
2026-01-25T07:00:00+00:00,2026-01-25T08:00:00+00:00,28.42387285331944,28.2,28.67
2026-01-25T08:00:00+00:00,2026-01-25T09:00:00+00:00,28.45422140904722,28.15,28.68
2026-01-25T09:00:00+00:00,2026-01-25T10:00:00+00:00,28.49651245545,28.13,28.77
2026-01-25T10:00:00+00:00,2026-01-25T11:00:00+00:00,28.598287354469438,28.29,28.88
2026-01-25T11:00:00+00:00,2026-01-25T12:00:00+00:00,28.668006844130556,28.35,29.01
2026-01-25T12:00:00+00:00,2026-01-25T13:00:00+00:00,28.626177592475003,28.35,28.86
2026-01-25T13:00:00+00:00,2026-01-25T14:00:00+00:00,28.804612603055556,28.41,29.15
2026-01-25T14:00:00+00:00,2026-01-25T15:00:00+00:00,28.979563373263886,28.67,29.23
2026-01-25T15:00:00+00:00,2026-01-25T16:00:00+00:00,28.893114191013883,28.56,29.14
2026-01-25T16:00:00+00:00,2026-01-25T17:00:00+00:00,28.86376555838889,28.56,29.15
2026-01-25T17:00:00+00:00,2026-01-25T18:00:00+00:00,28.947222024497222,28.64,29.37
2026-01-25T18:00:00+00:00,2026-01-25T19:00:00+00:00,29.528121322666667,29.02,29.95
2026-01-25T19:00:00+00:00,2026-01-25T20:00:00+00:00,27.937200526969438,26.48,30
2026-01-25T20:00:00+00:00,2026-01-25T21:00:00+00:00,27.014640228125,26.7,27.4
2026-01-25T21:00:00+00:00,2026-01-25T22:00:00+00:00,26.765048429544446,26.41,27.14
2026-01-25T22:00:00+00:00,2026-01-25T23:00:00+00:00,26.652117133358335,26.42,26.9
2026-01-25T23:00:00+00:00,2026-01-26T00:00:00+00:00,26.577093294325,26.28,26.89
2026-01-26T00:00:00+00:00,2026-01-26T01:00:00+00:00,27.239284618227774,26.3,28.59
2026-01-26T01:00:00+00:00,2026-01-26T02:00:00+00:00,29.086909185786112,28.47,29.69
2026-01-26T02:00:00+00:00,2026-01-26T03:00:00+00:00,29.616272724986107,29.19,29.91
2026-01-26T03:00:00+00:00,2026-01-26T04:00:00+00:00,29.818425514430558,29.51,30.06
2026-01-26T04:00:00+00:00,2026-01-26T05:00:00+00:00,29.87166321971944,29.64,30.09
2026-01-26T05:00:00+00:00,2026-01-26T06:00:00+00:00,29.877268279486106,29.64,30.11
2026-01-26T06:00:00+00:00,2026-01-26T07:00:00+00:00,29.864071498705556,29.66,30.08
2026-01-26T07:00:00+00:00,2026-01-26T08:00:00+00:00,29.90002651620277,29.61,30.16
2026-01-26T08:00:00+00:00,2026-01-26T09:00:00+00:00,29.949497451858335,29.66,30.18
2026-01-26T09:00:00+00:00,2026-01-26T10:00:00+00:00,29.966245964269444,29.73,30.17
2026-01-26T10:00:00+00:00,2026-01-26T11:00:00+00:00,30.03550978185,29.81,30.27
2026-01-26T11:00:00+00:00,2026-01-26T12:00:00+00:00,30.036162977908337,29.73,30.29
2026-01-26T12:00:00+00:00,2026-01-26T13:00:00+00:00,30.124861321536113,29.82,30.39
2026-01-26T13:00:00+00:00,2026-01-26T14:00:00+00:00,30.19436506962778,29.9,30.45
2026-01-26T14:00:00+00:00,2026-01-26T15:00:00+00:00,30.238513441366667,29.91,30.46
2026-01-26T15:00:00+00:00,2026-01-26T16:00:00+00:00,30.24859337716389,29.88,30.54
2026-01-26T16:00:00+00:00,2026-01-26T17:00:00+00:00,30.221924749411112,30.01,30.42
2026-01-26T17:00:00+00:00,2026-01-26T18:00:00+00:00,30.258880843086107,29.96,30.49
2026-01-26T18:00:00+00:00,2026-01-26T19:00:00+00:00,30.326888997741662,30.12,30.52
2026-01-26T19:00:00+00:00,2026-01-26T20:00:00+00:00,30.365714568675003,30.07,30.64
2026-01-26T20:00:00+00:00,2026-01-26T21:00:00+00:00,28.37264004933333,27.14,30.72
2026-01-26T21:00:00+00:00,2026-01-26T22:00:00+00:00,27.558757739152778,26.82,28.31
2026-01-26T22:00:00+00:00,2026-01-26T23:00:00+00:00,28.196500910624994,27.93,28.46
2026-01-26T23:00:00+00:00,2026-01-27T00:00:00+00:00,28.18304188129167,27.88,28.41
2026-01-27T00:00:00+00:00,2026-01-27T01:00:00+00:00,28.01790359056389,27.65,28.32
2026-01-27T01:00:00+00:00,2026-01-27T02:00:00+00:00,27.777355306425004,27.43,28.07
2026-01-27T02:00:00+00:00,2026-01-27T03:00:00+00:00,27.594380448352776,27.34,27.91
2026-01-27T03:00:00+00:00,2026-01-27T04:00:00+00:00,27.606753362869444,27.33,27.84
2026-01-27T04:00:00+00:00,2026-01-27T05:00:00+00:00,27.52868388356111,27.31,27.79
2026-01-27T05:00:00+00:00,2026-01-27T06:00:00+00:00,27.509204644097224,27.24,27.75
2026-01-27T06:00:00+00:00,2026-01-27T07:00:00+00:00,27.52720012431112,27.27,27.82
2026-01-27T07:00:00+00:00,2026-01-27T08:00:00+00:00,27.668102995624995,27.3,27.95
2026-01-27T08:00:00+00:00,2026-01-27T09:00:00+00:00,27.76950878423055,27.48,28.01
2026-01-27T09:00:00+00:00,2026-01-27T10:00:00+00:00,27.823397303583334,27.52,28.11
2026-01-27T10:00:00+00:00,2026-01-27T11:00:00+00:00,27.990183690072225,27.64,28.24
2026-01-27T11:00:00+00:00,2026-01-27T12:00:00+00:00,28.08712641906944,27.8,28.35
2026-01-27T12:00:00+00:00,2026-01-27T13:00:00+00:00,28.11230174348889,27.86,28.39
2026-01-27T13:00:00+00:00,2026-01-27T14:00:00+00:00,28.149349215233332,27.91,28.41
2026-01-27T14:00:00+00:00,2026-01-27T15:00:00+00:00,28.21555214572777,27.91,28.45
2026-01-27T15:00:00+00:00,2026-01-27T16:00:00+00:00,28.290228784847226,28.05,28.61
2026-01-27T16:00:00+00:00,2026-01-27T17:00:00+00:00,28.3513065559,28.04,28.61
2026-01-27T17:00:00+00:00,2026-01-27T18:00:00+00:00,28.358234284672225,28.05,28.67
2026-01-27T18:00:00+00:00,2026-01-27T19:00:00+00:00,28.36872538110556,28.12,28.64
2026-01-27T19:00:00+00:00,2026-01-27T20:00:00+00:00,28.420963721483332,28.2,28.67
2026-01-27T20:00:00+00:00,2026-01-27T21:00:00+00:00,28.351675036519442,28.08,28.56
2026-01-27T21:00:00+00:00,2026-01-27T22:00:00+00:00,28.198250748855553,27.92,28.54
2026-01-27T22:00:00+00:00,2026-01-27T23:00:00+00:00,28.116550367030555,27.85,28.36
2026-01-27T23:00:00+00:00,2026-01-28T00:00:00+00:00,28.069526394827776,27.8,28.35
2026-01-28T00:00:00+00:00,2026-01-28T01:00:00+00:00,27.902324771325002,27.55,28.18
2026-01-28T01:00:00+00:00,2026-01-28T02:00:00+00:00,27.653183823002777,27.32,27.98
2026-01-28T02:00:00+00:00,2026-01-28T03:00:00+00:00,27.524210575597223,27.27,27.8
2026-01-28T03:00:00+00:00,2026-01-28T04:00:00+00:00,27.52801670625,27.19,27.79
2026-01-28T04:00:00+00:00,2026-01-28T05:00:00+00:00,27.469090030375,27.15,27.78
2026-01-28T05:00:00+00:00,2026-01-28T06:00:00+00:00,27.324418249713887,27.02,27.62
2026-01-28T06:00:00+00:00,2026-01-28T07:00:00+00:00,27.315783363802776,27.04,27.6
2026-01-28T07:00:00+00:00,2026-01-28T08:00:00+00:00,27.43610505704167,27.17,27.76
2026-01-28T08:00:00+00:00,2026-01-28T09:00:00+00:00,27.536568243669446,27.27,27.78
2026-01-28T09:00:00+00:00,2026-01-28T10:00:00+00:00,27.618856892905555,27.3,27.88
2026-01-28T10:00:00+00:00,2026-01-28T11:00:00+00:00,27.805329559936112,27.48,28.08
2026-01-28T11:00:00+00:00,2026-01-28T12:00:00+00:00,27.897461297147228,27.61,28.17
2026-01-28T12:00:00+00:00,2026-01-28T13:00:00+00:00,27.81308107985556,27.53,28.1
2026-01-28T13:00:00+00:00,2026-01-28T14:00:00+00:00,27.697090832755553,27.4,28.05
2026-01-28T14:00:00+00:00,2026-01-28T15:00:00+00:00,27.56771638330555,27.27,27.83
2026-01-28T15:00:00+00:00,2026-01-28T16:00:00+00:00,27.506994853355554,27.16,27.84
2026-01-28T16:00:00+00:00,2026-01-28T17:00:00+00:00,27.41404392024445,27.13,27.69
2026-01-28T17:00:00+00:00,2026-01-28T18:00:00+00:00,27.35372141706389,27.01,27.65
2026-01-28T18:00:00+00:00,2026-01-28T19:00:00+00:00,27.272688639608333,27.01,27.6
2026-01-28T19:00:00+00:00,2026-01-28T20:00:00+00:00,27.19177082614445,26.93,27.46
2026-01-28T20:00:00+00:00,2026-01-28T21:00:00+00:00,27.12860251848055,26.86,27.36
2026-01-28T21:00:00+00:00,2026-01-28T22:00:00+00:00,27.105621919008332,26.84,27.37
2026-01-28T22:00:00+00:00,2026-01-28T23:00:00+00:00,27.056877676847225,26.8,27.37
2026-01-28T23:00:00+00:00,2026-01-29T00:00:00+00:00,26.978443472627777,26.55,27.23
2026-01-29T00:00:00+00:00,2026-01-29T01:00:00+00:00,26.812940447225,26.47,27.15
2026-01-29T01:00:00+00:00,2026-01-29T02:00:00+00:00,26.664138697294444,26.35,26.95
2026-01-29T02:00:00+00:00,2026-01-29T03:00:00+00:00,26.54812006932778,26.28,26.8
2026-01-29T03:00:00+00:00,2026-01-29T04:00:00+00:00,26.441667558016665,26.06,26.71
2026-01-29T04:00:00+00:00,2026-01-29T05:00:00+00:00,26.326710805599998,26.06,26.62
2026-01-29T05:00:00+00:00,2026-01-29T06:00:00+00:00,26.19923663648333,25.89,26.48
2026-01-29T06:00:00+00:00,2026-01-29T07:00:00+00:00,26.093197430244448,25.82,26.4
2026-01-29T07:00:00+00:00,2026-01-29T08:00:00+00:00,26.199039680975,25.91,26.54
2026-01-29T08:00:00+00:00,2026-01-29T09:00:00+00:00,26.371668824663885,26.06,26.65
2026-01-29T09:00:00+00:00,2026-01-29T10:00:00+00:00,26.580851760697225,26.21,26.91
2026-01-29T10:00:00+00:00,2026-01-29T11:00:00+00:00,26.83575103240278,26.48,27.2
2026-01-29T11:00:00+00:00,2026-01-29T12:00:00+00:00,27.027780924966667,26.76,27.29
2026-01-29T12:00:00+00:00,2026-01-29T13:00:00+00:00,27.06706865803611,26.79,27.36
2026-01-29T13:00:00+00:00,2026-01-29T14:00:00+00:00,27.062840395600002,26.82,27.31
2026-01-29T14:00:00+00:00,2026-01-29T15:00:00+00:00,27.036503489061108,26.72,27.37
2026-01-29T15:00:00+00:00,2026-01-29T16:00:00+00:00,27.00025116167222,26.72,27.27
2026-01-29T16:00:00+00:00,2026-01-29T17:00:00+00:00,26.75400196722778,26.29,27.2
2026-01-29T17:00:00+00:00,2026-01-29T18:00:00+00:00,26.32770889621945,26.02,26.65
2026-01-29T18:00:00+00:00,2026-01-29T19:00:00+00:00,26.40254451345,26.09,26.75
2026-01-29T19:00:00+00:00,2026-01-29T20:00:00+00:00,26.509943681586112,26.22,26.77
2026-01-29T20:00:00+00:00,2026-01-29T21:00:00+00:00,26.63168587541389,26.29,26.99
2026-01-29T21:00:00+00:00,2026-01-29T22:00:00+00:00,26.74333715704444,26.45,27
2026-01-29T22:00:00+00:00,2026-01-29T23:00:00+00:00,26.74375593136389,26.45,27.06
2026-01-29T23:00:00+00:00,2026-01-30T00:00:00+00:00,26.696031299041667,26.4,26.96
2026-01-30T00:00:00+00:00,2026-01-30T01:00:00+00:00,26.550428447063883,26.25,26.92
2026-01-30T01:00:00+00:00,2026-01-30T02:00:00+00:00,26.367959519750002,26.08,26.69
2026-01-30T02:00:00+00:00,2026-01-30T03:00:00+00:00,26.182790327683332,25.88,26.48
2026-01-30T03:00:00+00:00,2026-01-30T04:00:00+00:00,25.98548663325555,25.66,26.27
2026-01-30T04:00:00+00:00,2026-01-30T05:00:00+00:00,25.8097456364,25.49,26.13
2026-01-30T05:00:00+00:00,2026-01-30T06:00:00+00:00,25.629636690783332,25.31,25.95
2026-01-30T06:00:00+00:00,2026-01-30T07:00:00+00:00,25.534156170830556,25.24,25.82
2026-01-30T07:00:00+00:00,2026-01-30T08:00:00+00:00,25.771571805033332,25.4,26.06
2026-01-30T08:00:00+00:00,2026-01-30T09:00:00+00:00,26.046956461497217,25.77,26.35
2026-01-30T09:00:00+00:00,2026-01-30T10:00:00+00:00,26.286509030841668,25.93,26.62
2026-01-30T10:00:00+00:00,2026-01-30T11:00:00+00:00,26.368859662286113,26.11,26.67
2026-01-30T11:00:00+00:00,2026-01-30T12:00:00+00:00,26.39195630718611,26.12,26.68
2026-01-30T12:00:00+00:00,2026-01-30T13:00:00+00:00,26.40899405848056,26.17,26.65
2026-01-30T13:00:00+00:00,2026-01-30T14:00:00+00:00,26.482255870830556,26.23,26.75
2026-01-30T14:00:00+00:00,2026-01-30T15:00:00+00:00,26.52291327325,26.23,26.75
2026-01-30T15:00:00+00:00,2026-01-30T16:00:00+00:00,26.528592200799995,26.22,26.79
2026-01-30T16:00:00+00:00,2026-01-30T17:00:00+00:00,26.517753521744442,26.2,26.8
2026-01-30T17:00:00+00:00,2026-01-30T18:00:00+00:00,26.53306701384722,26.23,26.83
2026-01-30T18:00:00+00:00,2026-01-30T19:00:00+00:00,26.50425627463056,26.22,26.8
2026-01-30T19:00:00+00:00,2026-01-30T20:00:00+00:00,26.624786791294444,26.36,26.95
2026-01-30T20:00:00+00:00,2026-01-30T21:00:00+00:00,26.837628064166665,26.5,27.17
2026-01-30T21:00:00+00:00,2026-01-30T22:00:00+00:00,26.946704007161113,26.64,27.25
2026-01-30T22:00:00+00:00,2026-01-30T23:00:00+00:00,27.001661188469445,26.72,27.33
2026-01-30T23:00:00+00:00,2026-01-31T00:00:00+00:00,26.966120869225005,26.64,27.26
2026-01-31T00:00:00+00:00,2026-01-31T01:00:00+00:00,26.868599906397222,26.45,27.15
2026-01-31T01:00:00+00:00,2026-01-31T02:00:00+00:00,26.91525218128611,26.6,27.21
2026-01-31T02:00:00+00:00,2026-01-31T03:00:00+00:00,26.8951089903,26.65,27.2
2026-01-31T03:00:00+00:00,2026-01-31T04:00:00+00:00,26.89733757733056,26.61,27.17
2026-01-31T04:00:00+00:00,2026-01-31T05:00:00+00:00,26.863525705125,26.62,27.09
2026-01-31T05:00:00+00:00,2026-01-31T06:00:00+00:00,26.926173020858332,26.67,27.29
2026-01-31T06:00:00+00:00,2026-01-31T07:00:00+00:00,26.975729417030553,26.71,27.28
2026-01-31T07:00:00+00:00,2026-01-31T08:00:00+00:00,27.012398945383335,26.74,27.27
2026-01-31T08:00:00+00:00,2026-01-31T09:00:00+00:00,27.029168847530556,26.77,27.3
2026-01-31T09:00:00+00:00,2026-01-31T10:00:00+00:00,27.124307919261113,26.83,27.47
2026-01-31T10:00:00+00:00,2026-01-31T11:00:00+00:00,27.308179779105554,26.89,27.67
2026-01-31T11:00:00+00:00,2026-01-31T12:00:00+00:00,27.493300411722227,27.19,27.79
2026-01-31T12:00:00+00:00,2026-01-31T13:00:00+00:00,27.53954237938889,27.29,27.8
2026-01-31T13:00:00+00:00,2026-01-31T14:00:00+00:00,27.43608776461389,27.12,27.74
2026-01-31T14:00:00+00:00,2026-01-31T15:00:00+00:00,27.295542938963887,27.02,27.62
2026-01-31T15:00:00+00:00,2026-01-31T16:00:00+00:00,27.165371559019448,26.88,27.4
2026-01-31T16:00:00+00:00,2026-01-31T17:00:00+00:00,27.045169217438886,26.76,27.28
2026-01-31T17:00:00+00:00,2026-01-31T18:00:00+00:00,26.9591553445,26.63,27.27
2026-01-31T18:00:00+00:00,2026-01-31T19:00:00+00:00,26.87625882041944,26.61,27.17
2026-01-31T19:00:00+00:00,2026-01-31T20:00:00+00:00,26.85950355125834,26.53,27.15
2026-01-31T20:00:00+00:00,2026-01-31T21:00:00+00:00,26.857542078369445,26.58,27.15
2026-01-31T21:00:00+00:00,2026-01-31T22:00:00+00:00,26.876085953691668,26.59,27.2
2026-01-31T22:00:00+00:00,2026-01-31T23:00:00+00:00,28.29288302179444,26.8,29.14
2026-01-31T23:00:00+00:00,2026-02-01T00:00:00+00:00,29.179130106686113,28.81,29.54
